  /catalogue/agent_provocateu ; Agent Provocateur [4]
  /catalogue/aigner ; Aigner [10]
  /catalogue/alessandro_dell_ ; Alessandro Dell'Acqua [3]
  /catalogue/alexander_mcquee ; Alexander McQueen [3]
  /catalogue/alfred_dunhill ; Alfred Dunhill [9]
  /catalogue/amouage ; Amouage [2]
  /catalogue/angel_schlesser ; Angel Schlesser [7]
  /catalogue/anna_sui ; Anna Sui [10]
  /catalogue/annayake ; Annayake [5]
  /catalogue/annick_goutal ; Annick Goutal [4]
  /catalogue/aramis ; Aramis [7]
  /catalogue/armand_basi ; Armand Basi [5]
  /catalogue/armani ; Armani [32]
  /catalogue/azzaro ; Azzaro [14]
  /catalogue/baldinini ; Baldinini [2]
  /catalogue/banana_republic ; Banana Republic [2]
  /catalogue/bill_blass ; Bill Blass [1]
  /catalogue/bobby_jones ; Bobby Jones [1]
  /catalogue/bogart ; Bogart [4]
  /catalogue/britney_spears ; Britney Spears [5]
  /catalogue/burberry ; Burberry [17]
  /catalogue/bvlgari ; Bvlgari [25]
  /catalogue/byblos ; Byblos [2]
  /catalogue/cacharel ; Cacharel [22]
  /catalogue/calvin_klein ; Calvin Klein [48]
  /catalogue/canali ; Canali [4]
  /catalogue/carolina_herrera ; Carolina Herrera [27]
  /catalogue/cartier ; Cartier [17]
  /catalogue/cathy_guetta ; Cathy Guetta [1]
  /catalogue/celine ; Celine [3]
  /catalogue/celine_dion ; Celine Dion [3]
  /catalogue/cerruti ; Cerruti [16]
  /catalogue/chanel ; Chanel [19]
  /catalogue/chantal_thomass ; Chantal Thomass [1]
  /catalogue/chevignon ; Chevignon [1]
  /catalogue/chloe ; Chloe [2]
  /catalogue/chopard ; Chopard [8]
  /catalogue/christian_dior ; Christian Dior [43]
  /catalogue/christian_lacroi ; Christian Lacroix [9]
  /catalogue/christina_aguile ; Christina Aguilera [1]
  /catalogue/cindy_crawford ; Cindy Crawford [1]
  /catalogue/clarins ; Clarins [1]
  /catalogue/clinique ; Clinique [7]
  /catalogue/cafe ; Cofinluxe [5]
  /catalogue/comme_des_garcon ; Comme des Garcons [7]
  /catalogue/costume_national ; Costume National [3]
  /catalogue/courvoisier ; Courvoisier [1]
  /catalogue/creed ; Creed [8]
  /catalogue/david_beckham ; David Beckham [1]
  /catalogue/davidoff ; Davidoff [18]
  /catalogue/diesel ; Diesel [3]
  /catalogue/dolce_gabbana ; Dolce&Gabbana [11]
  /catalogue/donna_karan ; Donna Karan [18]
  /catalogue/dsquared2 ; DSQUARED2 [2]
  /catalogue/nick_558 ; Elizabeth Arden [20]
  /catalogue/ella_mikao ; Ella Mikao [5]
  /catalogue/ellen_tracy ; Ellen Tracy [2]
  /catalogue/ermenegildo_zegn ; Ermenegildo Zegna [6]
  /catalogue/escada ; Escada [18]
  /catalogue/estee_lauder ; Estee Lauder [23]
  /catalogue/etro ; Etro [7]
  /catalogue/exte ; Exte [3]
  /catalogue/fendi ; Fendi [6]
  /catalogue/feraud ; Feraud [2]
  /catalogue/ferrari ; Ferrari [4]
  /catalogue/franck_olivier ; Franck Olivier [5]
  /catalogue/gai_mattiolo ; Gai Mattiolo [3]
  /catalogue/gattinoni ; Gattinoni [1]
  /catalogue/genny ; Genny [1]
  /catalogue/ghost ; Ghost [8]
  /catalogue/gian_marco_ventu ; Gian Marco Venturi [7]
  /catalogue/gianfranco_ferre ; Gianfranco Ferre [11]
  /catalogue/givenchy ; Givenchy [45]
  /catalogue/gucci ; Gucci [15]
  /catalogue/guerlain ; Guerlain [48]
  /catalogue/guess ; Guess [1]
  /catalogue/guy_laroche ; Guy Laroche [4]
  /catalogue/hermes ; Hermes [18]
  /catalogue/hiroko_koshino ; Hiroko Koshino [1]
  /catalogue/hugo_boss ; Hugo Boss [33]
  /catalogue/iceberg ; Iceberg [8]
  /catalogue/isabella_rossell ; Isabella Rosselini [2]
  /catalogue/issey_miyake ; Issey Miyake [15]
  /catalogue/j_del_pozo ; J. Del Pozo [3]
  /catalogue/jacomo ; Jacomo [1]
  /catalogue/jacques_fath ; Jacques Fath [4]
  /catalogue/jaguar ; Jaguar [3]
  /catalogue/jean_desprez ; Jean Desprez [1]
  /catalogue/jean_patou ; Jean Patou [2]
  /catalogue/jean_paul_gaulti ; Jean Paul Gaultier [13]
  /catalogue/jennifer_lopez ; Jennifer Lopez [8]
  /catalogue/nick_559 ; Jil Sander [15]
  /catalogue/jivago ; Jivago [3]
  /catalogue/john_varvatos ; John Varvatos [2]
  /catalogue/joop ; Joop! [6]
  /catalogue/juicy_couture ; Juicy Couture [2]
  /catalogue/kenneth_cole ; Kenneth Cole [7]
  /catalogue/kenzo ; Kenzo [31]
  /catalogue/kiton ; Kiton [1]
  /catalogue/krizia ; Krizia [1]
  /catalogue/lartisan_parfume ; L'Artisan Parfumeur [25]
  /catalogue/la_perla ; La Perla [8]
  /catalogue/la_prairie ; La Prairie [1]
  /catalogue/lacoste ; Lacoste [12]
  /catalogue/lalique ; Lalique [5]
  /catalogue/lancome ; Lancome [33]
  /catalogue/lanvin ; Lanvin [11]
  /catalogue/laura_biagiotti ; Laura Biagiotti [6]
  /catalogue/leonard ; Leonard [1]
  /catalogue/lolita_lempicka ; Lolita Lempicka [9]
  /catalogue/love_passport ; Love Passport [3]
  /catalogue/lubin ; Lubin [2]
  /catalogue/luciano_soprani ; Luciano Soprani [8]
  /catalogue/mandarina_duck ; Mandarina Duck [5]
  /catalogue/marc_jacobs ; Marc Jacobs [3]
  /catalogue/marc_opolo ; Marc O'Polo [8]
  /catalogue/marc_rosen ; Marc Rosen [1]
  /catalogue/marina_de_bourbo ; Marina de Bourbon [9]
  /catalogue/masaki_matsushim ; Masaki Matsushima [19]
  /catalogue/mauboussin ; Mauboussin [1]
  /catalogue/max_mara ; Max Mara [6]
  /catalogue/menard ; Menard [2]
  /catalogue/mexx ; Mexx [16]
  /catalogue/michael_kors ; Michael Kors [2]
  /catalogue/miss_fiorucci ; Miss Fiorucci [1]
  /catalogue/mont_blanc ; Mont Blanc [10]
  /catalogue/morgan ; Morgan [1]
  /catalogue/moschino ; Moschino [11]
  /catalogue/naomi_campbell ; Naomi Campbell [8]
  /catalogue/narciso_rodrigue ; Narciso Rodriguez [4]
  /catalogue/nikos ; Nikos [3]
  /catalogue/nina_ricci ; Nina Ricci [17]
  /catalogue/olivier_strelli ; Olivier Strelli [2]
  /catalogue/oscar_de_la_rent ; Oscar de la Renta [4]
  /catalogue/paco_rabbane ; Paco Rabanne [26]
  /catalogue/pal_zileri ; Pal Zileri [1]
  /catalogue/paloma_picasso ; Paloma Picasso [2]
  /catalogue/paris_hilton ; Paris Hilton [5]
  /catalogue/paul_smith ; Paul Smith [6]
  /catalogue/pierre_cardin ; Pierre Cardin [1]
  /catalogue/prada ; Prada [6]
  /catalogue/ralph_lauren ; Ralph Lauren [20]
  /catalogue/rampage ; Rampage [2]
  /catalogue/robert_piguet ; Robert Piguet [2]
  /catalogue/roberto_cavalli ; Roberto Cavalli [9]
  /catalogue/roberto_verino ; Roberto Verino [7]
  /catalogue/rochas ; Rochas [13]
  /catalogue/dupont ; S.T. Dupont [11]
  /catalogue/salvador_dali ; Salvador Dali [24]
  /catalogue/salvatore_ferrag ; Salvatore Ferragamo [16]
  /catalogue/sarah_jessica_pa ; Sarah Jessica Parker [2]
  /catalogue/sean_john ; Sean John [2]
  /catalogue/sergio_tacchini ; Sergio Tacchini [9]
  /catalogue/shaik ; Shaik [4]
  /catalogue/shiseido ; Shiseido [7]
  /catalogue/sisley ; Sisley [3]
  /catalogue/sonia_rykiel ; Sonia Rykiel [10]
  /catalogue/stella_mccartney ; Stella McCartney [5]
  /catalogue/ted_lapidus ; Ted Lapidus [1]
  /catalogue/therry_mugler ; Thierry Mugler [14]
  /catalogue/tom_ford ; Tom Ford [1]
  /catalogue/tommy_hilfiger ; Tommy Hilfiger [12]
  /catalogue/torrente ; Torrente [4]
  /catalogue/tous ; Tous [1]
  /catalogue/trussardi ; Trussardi [13]
  /catalogue/ungaro ; Ungaro [6]
  /catalogue/valentino ; Valentino [10]
  /catalogue/nick_560 ; Van Cleef & Arpels [12]
  /catalogue/vera_wang ; Vera Wang [5]
  /catalogue/versace ; Versace [20]
  /catalogue/victorias_secret ; Victoria's Secret [13]
  /catalogue/viktor_rolf ; Viktor & Rolf [3]
  /catalogue/vivienne_westwoo ; Vivienne Westwood [1]
  /catalogue/weil ; Weil [1]
  /catalogue/nick_561 ; Yohji Yamamoto [2]
  /catalogue/yves_saint_laure ; Yves Saint Laurent [35]
  /catalogue/zirh ; Zirh [1]
